Workbook

Sheet Equipment Info
A1: EQUIPMENT PERFORMANCE — CONDITION MONITORING RECORD
A3: NAMEPLATE / IDENTIFICATION | C3: MONITORED PARAMETERS & LIMITS
A4: Equipment Tag | B4: PU-2101B | C4: Parameter | D4: Alarm / Trip
A5: Equipment Name | B5: Feed Charge Pump PU-2101B | C5: Overall Vibration (mm/s) | D5: 7.0 / 11.0
A6: Equipment Type | B6: Centrifugal Pump | C6: Seal Flush Flow (L/min) | D6: 5.0 / 4.0
A7: Equipment Class | B7: B | C7: Discharge Pressure (barg) | D7: 8.5 / 7.5
A8: Plant / Unit | B8: Resin Plant (ARP) | C8: Bearing Temp (°C) | D8: 80 / 95
A9: Discipline | B9: ROT
A10: Criticality | B10: Medium
A11: Design Life | B11: 5 years (bearing) / 24 months (seal element)
A12: Monitoring Method | B12: Online DCS + monthly vibration/thermography route
A13: Linked RCA / AR No. | B13: AR-2026-ARP-0117
A14: Failure Date | B14: 12-Mar-2026
A15: Dominant Failure Mode | B15: Mechanical Seal Leakage

Sheet Condition History
A1: Week | B1: Date | C1: Overall Vibration (mm/s) | D1: Seal Flush Flow (L/min) | E1: Discharge Pressure (barg) | F1: Bearing Temp (°C) | G1: Health Status | H1: Remark
A2: 1 | B2: 2025-10-23 | C2: 3.893 | D2: 6.529 | E2: 9.576 | F2: 62.025 | G2: =IF(OR(C2>=11,D2<=4,E2<=7.5,F2>=95),"TRIP",IF(OR(C2>=7,D2<=5,E2<=8.5,F2>=80),"ALARM","NORMAL")) -> NORMAL
A3: 2 | B3: 2025-10-30 | C3: 3.941 | D3: 6.467 | E3: 9.549 | F3: 63.051 | G3: =IF(OR(C3>=11,D3<=4,E3<=7.5,F3>=95),"TRIP",IF(OR(C3>=7,D3<=5,E3<=8.5,F3>=80),"ALARM","NORMAL")) -> NORMAL
A4: 3 | B4: 2025-11-06 | C4: 3.805 | D4: 6.528 | E4: 9.529 | F4: 61.209 | G4: =IF(OR(C4>=11,D4<=4,E4<=7.5,F4>=95),"TRIP",IF(OR(C4>=7,D4<=5,E4<=8.5,F4>=80),"ALARM","NORMAL")) -> NORMAL
A5: 4 | B5: 2025-11-13 | C5: 4.062 | D5: 6.384 | E5: 9.593 | F5: 62.58 | G5: =IF(OR(C5>=11,D5<=4,E5<=7.5,F5>=95),"TRIP",IF(OR(C5>=7,D5<=5,E5<=8.5,F5>=80),"ALARM","NORMAL")) -> NORMAL
A6: 5 | B6: 2025-11-20 | C6: 4.314 | D6: 6.257 | E6: 9.54 | F6: 63.955 | G6: =IF(OR(C6>=11,D6<=4,E6<=7.5,F6>=95),"TRIP",IF(OR(C6>=7,D6<=5,E6<=8.5,F6>=80),"ALARM","NORMAL")) -> NORMAL
A7: 6 | B7: 2025-11-27 | C7: 4.42 | D7: 6.365 | E7: 9.454 | F7: 64.237 | G7: =IF(OR(C7>=11,D7<=4,E7<=7.5,F7>=95),"TRIP",IF(OR(C7>=7,D7<=5,E7<=8.5,F7>=80),"ALARM","NORMAL")) -> NORMAL
A8: 7 | B8: 2025-12-04 | C8: 4.249 | D8: 6.327 | E8: 9.481 | F8: 64.575 | G8: =IF(OR(C8>=11,D8<=4,E8<=7.5,F8>=95),"TRIP",IF(OR(C8>=7,D8<=5,E8<=8.5,F8>=80),"ALARM","NORMAL")) -> NORMAL
A9: 8 | B9: 2025-12-11 | C9: 4.43 | D9: 6.229 | E9: 9.354 | F9: 66.064 | G9: =IF(OR(C9>=11,D9<=4,E9<=7.5,F9>=95),"TRIP",IF(OR(C9>=7,D9<=5,E9<=8.5,F9>=80),"ALARM","NORMAL")) -> NORMAL
A10: 9 | B10: 2025-12-18 | C10: 5.01 | D10: 6.178 | E10: 9.252 | F10: 67.55 | G10: =IF(OR(C10>=11,D10<=4,E10<=7.5,F10>=95),"TRIP",IF(OR(C10>=7,D10<=5,E10<=8.5,F10>=80),"ALARM","NORMAL")) -> NORMAL
A11: 10 | B11: 2025-12-25 | C11: 5.437 | D11: 6.032 | E11: 9.197 | F11: 69.353 | G11: =IF(OR(C11>=11,D11<=4,E11<=7.5,F11>=95),"TRIP",IF(OR(C11>=7,D11<=5,E11<=8.5,F11>=80),"ALARM","NORMAL")) -> NORMAL
A12: 11 | B12: 2026-01-01 | C12: 5.597 | D12: 5.892 | E12: 9.029 | F12: 69.195 | G12: =IF(OR(C12>=11,D12<=4,E12<=7.5,F12>=95),"TRIP",IF(OR(C12>=7,D12<=5,E12<=8.5,F12>=80),"ALARM","NORMAL")) -> NORMAL
A13: 12 | B13: 2026-01-08 | C13: 6.115 | D13: 5.691 | E13: 8.969 | F13: 71.414 | G13: =IF(OR(C13>=11,D13<=4,E13<=7.5,F13>=95),"TRIP",IF(OR(C13>=7,D13<=5,E13<=8.5,F13>=80),"ALARM","NORMAL")) -> NORMAL
... A18: 17 | B18: 2026-02-12 | C18: 8.347 | D18: 4.911 | E18: 8.301 | F18: 83.703 | G18: =IF(OR(C18>=11,D18<=4,E18<=7.5,F18>=95),"TRIP",IF(OR(C18>=7,D18<=5,E18<=8.5,F18>=80),"ALARM","NORMAL")) -> ALARM
A19: 18 | B19: 2026-02-19 | C19: 9.268 | D19: 4.713 | E19: 8.053 | F19: 86.145 | G19: =IF(OR(C19>=11,D19<=4,E19<=7.5,F19>=95),"TRIP",IF(OR(C19>=7,D19<=5,E19<=8.5,F19>=80),"ALARM","NORMAL")) -> ALARM | H19: Degradation trend — under close monitoring
A20: 19 | B20: 2026-02-26 | C20: 9.764 | D20: 4.44 | E20: 7.922 | F20: 90.426 | G20: =IF(OR(C20>=11,D20<=4,E20<=7.5,F20>=95),"TRIP",IF(OR(C20>=7,D20<=5,E20<=8.5,F20>=80),"ALARM","NORMAL")) -> ALARM | H20: Degradation trend — under close monitoring
A21: 20 | B21: 2026-03-05 | C21: 10.218 | D21: 4.374 | E21: 7.7 | F21: 91.338 | G21: =IF(OR(C21>=11,D21<=4,E21<=7.5,F21>=95),"TRIP",IF(OR(C21>=7,D21<=5,E21<=8.5,F21>=80),"ALARM","NORMAL")) -> ALARM | H21: Degradation trend — under close monitoring
A22: 21 | B22: 2026-03-12 | C22: 11.22 | D22: 3.92 | E22: 7.35 | F22: 96.9 | G22: =IF(OR(C22>=11,D22<=4,E22<=7.5,F22>=95),"TRIP",IF(OR(C22>=7,D22<=5,E22<=8.5,F22>=80),"ALARM","NORMAL")) -> TRIP | H22: FAILURE — Mechanical Seal Leakage; unplanned downtime 18.5 h
A23: 22 | B23: 2026-03-19 | C23: 3.624 | D23: 6.231 | E23: 9.554 | F23: 58.931 | G23: =IF(OR(C23>=11,D23<=4,E23<=7.5,F23>=95),"TRIP",IF(OR(C23>=7,D23<=5,E23<=8.5,F23>=80),"ALARM","NORMAL")) -> NORMAL | H23: Post-repair baseline restored (CAPA executed)
A24: 23 | B24: 2026-03-26 | C24: 3.77 | D24: 6.512 | E24: 9.768 | F24: 61.511 | G24: =IF(OR(C24>=11,D24<=4,E24<=7.5,F24>=95),"TRIP",IF(OR(C24>=7,D24<=5,E24<=8.5,F24>=80),"ALARM","NORMAL")) -> NORMAL
A25: 24 | B25: 2026-04-02 | C25: 3.587 | D25: 6.257 | E25: 10.064 | F25: 61.063 | G25: =IF(OR(C25>=11,D25<=4,E25<=7.5,F25>=95),"TRIP",IF(OR(C25>=7,D25<=5,E25<=8.5,F25>=80),"ALARM","NORMAL")) -> NORMAL
A26: 25 | B26: 2026-04-09 | C26: 3.692 | D26: 6.251 | E26: 9.428 | F26: 60.562 | G26: =IF(OR(C26>=11,D26<=4,E26<=7.5,F26>=95),"TRIP",IF(OR(C26>=7,D26<=5,E26<=8.5,F26>=80),"ALARM","NORMAL")) -> NORMAL
A27: 26 | B27: 2026-04-16 | C27: 3.796 | D27: 6.446 | E27: 9.51 | F27: 59.316 | G27: =IF(OR(C27>=11,D27<=4,E27<=7.5,F27>=95),"TRIP",IF(OR(C27>=7,D27<=5,E27<=8.5,F27>=80),"ALARM","NORMAL")) -> NORMAL

Sheet Performance Summary
A1: PERFORMANCE SUMMARY — PU-2101B
A3: KPI | B3: Value | C3: Basis / Formula
A4: Monitoring Period (weeks) | B4: 26 | C4: Number of weekly readings
A5: Total Downtime (hours) | B5: 18.5 | C5: From linked RCA downtime window
A6: Period Hours | B6: 4368 | C6: =26*7*24 -> 4368
A7: Availability (%) | B7: =(1-18.5/4368)*100 -> 99.576465 | C7: (Period-Downtime)/Period
A8: No. of Failures (period) | B8: 1 | C8: Failure events this period
A9: MTBF (hours) | B9: =4368/1 -> 4368 | C9: Period Hours / No. of Failures
A10: MTTR (hours) | B10: 18.5 | C10: Mean time to repair
A11: ALARM readings | B11: =COUNTIF('Condition History'!G2:G27,"ALARM") -> 6 | C11: Count of ALARM weeks
A12: TRIP readings | B12: =COUNTIF('Condition History'!G2:G27,"TRIP") -> 1 | C12: Count of TRIP weeks
A13: NORMAL readings | B13: =COUNTIF('Condition History'!G2:G27,"NORMAL") -> 19 | C13: Count of NORMAL weeks
A14: PM Compliance (%) | B14: 92 | C14: PM completed vs scheduled
A15: Production Loss (ton) | B15: 251.6 | C15: Downtime x rate loss (from RCA)
A16: Estimated Loss (k USD) | B16: 226.44 | C16: Production loss x product price

Sheet Equipment Info (2)
A1: EQUIPMENT PERFORMANCE — CONDITION MONITORING RECORD
A3: NAMEPLATE / IDENTIFICATION | C3: MONITORED PARAMETERS & LIMITS
A4: Equipment Tag | B4: KO-3201 | C4: Parameter | D4: Alarm / Trip
A5: Equipment Name | B5: Cracked Gas Compressor KO-3201 | C5: DE Radial Vibration (micron) | D5: 45 / 75
A6: Equipment Type | B6: Centrifugal Compressor | C6: Lube Oil Water Content (ppm) | D6: 500 / 1500
A7: Equipment Class | B7: A | C7: Lube Oil Supply Press (barg) | D7: 1.4 / 1.1
A8: Plant / Unit | B8: Cracker Unit (ZCU) | C8: Bearing Metal Temp (°C) | D8: 95 / 110
A9: Discipline | B9: ROT
A10: Criticality | B10: High
A11: Design Life | B11: 5 years (bearing) / 24 months (seal element)
A12: Monitoring Method | B12: Online DCS + monthly vibration/thermography route
A13: Linked RCA / AR No. | B13: AR-2026-ZCU-0142
A14: Failure Date | B14: 29-Apr-2026
A15: Dominant Failure Mode | B15: High Radial Vibration Trip (Bearing Distress)

Sheet Condition History (2)
A1: Week | B1: Date | C1: DE Radial Vibration (micron) | D1: Lube Oil Water Content (ppm) | E1: Lube Oil Supply Press (barg) | F1: Bearing Metal Temp (°C) | G1: Health Status | H1: Remark
A2: 1 | B2: 2025-12-10 | C2: 28.914 | D2: 259.777 | E2: 1.799 | F2: 78.671 | G2: =IF(OR(C2>=75,D2>=1500,E2<=1.1,F2>=110),"TRIP",IF(OR(C2>=45,D2>=500,E2<=1.4,F2>=95),"ALARM","NORMAL")) -> NORMAL
A3: 2 | B3: 2025-12-17 | C3: 26.899 | D3: 299.796 | E3: 1.776 | F3: 77.664 | G3: =IF(OR(C3>=75,D3>=1500,E3<=1.1,F3>=110),"TRIP",IF(OR(C3>=45,D3>=500,E3<=1.4,F3>=95),"ALARM","NORMAL")) -> NORMAL
A4: 3 | B4: 2025-12-24 | C4: 29.739 | D4: 226.415 | E4: 1.794 | F4: 78.344 | G4: =IF(OR(C4>=75,D4>=1500,E4<=1.1,F4>=110),"TRIP",IF(OR(C4>=45,D4>=500,E4<=1.4,F4>=95),"ALARM","NORMAL")) -> NORMAL
A5: 4 | B5: 2025-12-31 | C5: 29.024 | D5: 255.766 | E5: 1.79 | F5: 78.499 | G5: =IF(OR(C5>=75,D5>=1500,E5<=1.1,F5>=110),"TRIP",IF(OR(C5>=45,D5>=500,E5<=1.4,F5>=95),"ALARM","NORMAL")) -> NORMAL
A6: 5 | B6: 2026-01-07 | C6: 28.658 | D6: 292.849 | E6: 1.784 | F6: 78.357 | G6: =IF(OR(C6>=75,D6>=1500,E6<=1.1,F6>=110),"TRIP",IF(OR(C6>=45,D6>=500,E6<=1.4,F6>=95),"ALARM","NORMAL")) -> NORMAL
A7: 6 | B7: 2026-01-14 | C7: 30.289 | D7: 350.734 | E7: 1.748 | F7: 80.498 | G7: =IF(OR(C7>=75,D7>=1500,E7<=1.1,F7>=110),"TRIP",IF(OR(C7>=45,D7>=500,E7<=1.4,F7>=95),"ALARM","NORMAL")) -> NORMAL
A8: 7 | B8: 2026-01-21 | C8: 33.697 | D8: 387.773 | E8: 1.73 | F8: 81.482 | G8: =IF(OR(C8>=75,D8>=1500,E8<=1.1,F8>=110),"TRIP",IF(OR(C8>=45,D8>=500,E8<=1.4,F8>=95),"ALARM","NORMAL")) -> NORMAL
A9: 8 | B9: 2026-01-28 | C9: 33.93 | D9: 384.412 | E9: 1.733 | F9: 81.741 | G9: =IF(OR(C9>=75,D9>=1500,E9<=1.1,F9>=110),"TRIP",IF(OR(C9>=45,D9>=500,E9<=1.4,F9>=95),"ALARM","NORMAL")) -> NORMAL
A10: 9 | B10: 2026-02-04 | C10: 35.439 | D10: 470.814 | E10: 1.705 | F10: 83.041 | G10: =IF(OR(C10>=75,D10>=1500,E10<=1.1,F10>=110),"TRIP",IF(OR(C10>=45,D10>=500,E10<=1.4,F10>=95),"ALARM","NORMAL")) -> NORMAL
A11: 10 | B11: 2026-02-11 | C11: 37.665 | D11: 501.213 | E11: 1.635 | F11: 84.892 | G11: =IF(OR(C11>=75,D11>=1500,E11<=1.1,F11>=110),"TRIP",IF(OR(C11>=45,D11>=500,E11<=1.4,F11>=95),"ALARM","NORMAL")) -> ALARM
A12: 11 | B12: 2026-02-18 | C12: 39.586 | D12: 587.811 | E12: 1.633 | F12: 87.153 | G12: =IF(OR(C12>=75,D12>=1500,E12<=1.1,F12>=110),"TRIP",IF(OR(C12>=45,D12>=500,E12<=1.4,F12>=95),"ALARM","NORMAL")) -> ALARM
A13: 12 | B13: 2026-02-25 | C13: 41.609 | D13: 630.011 | E13: 1.602 | F13: 87.657 | G13: =IF(OR(C13>=75,D13>=1500,E13<=1.1,F13>=110),"TRIP",IF(OR(C13>=45,D13>=500,E13<=1.4,F13>=95),"ALARM","NORMAL")) -> ALARM
... A18: 17 | B18: 2026-04-01 | C18: 59.123 | D18: 1062.337 | E18: 1.335 | F18: 98.832 | G18: =IF(OR(C18>=75,D18>=1500,E18<=1.1,F18>=110),"TRIP",IF(OR(C18>=45,D18>=500,E18<=1.4,F18>=95),"ALARM","NORMAL")) -> ALARM
A19: 18 | B19: 2026-04-08 | C19: 60.529 | D19: 1135.42 | E19: 1.313 | F19: 100.992 | G19: =IF(OR(C19>=75,D19>=1500,E19<=1.1,F19>=110),"TRIP",IF(OR(C19>=45,D19>=500,E19<=1.4,F19>=95),"ALARM","NORMAL")) -> ALARM | H19: Degradation trend — under close monitoring
A20: 19 | B20: 2026-04-15 | C20: 66.73 | D20: 1237.785 | E20: 1.219 | F20: 104.623 | G20: =IF(OR(C20>=75,D20>=1500,E20<=1.1,F20>=110),"TRIP",IF(OR(C20>=45,D20>=500,E20<=1.4,F20>=95),"ALARM","NORMAL")) -> ALARM | H20: Degradation trend — under close monitoring
A21: 20 | B21: 2026-04-22 | C21: 71.674 | D21: 1372.791 | E21: 1.122 | F21: 107.142 | G21: =IF(OR(C21>=75,D21>=1500,E21<=1.1,F21>=110),"TRIP",IF(OR(C21>=45,D21>=500,E21<=1.4,F21>=95),"ALARM","NORMAL")) -> ALARM | H21: Degradation trend — under close monitoring
A22: 21 | B22: 2026-04-29 | C22: 76.5 | D22: 1530 | E22: 1.078 | F22: 112.2 | G22: =IF(OR(C22>=75,D22>=1500,E22<=1.1,F22>=110),"TRIP",IF(OR(C22>=45,D22>=500,E22<=1.4,F22>=95),"ALARM","NORMAL")) -> TRIP | H22: FAILURE — High Radial Vibration Trip (Bearing Distress); unplanned downtime 32.0 h
A23: 22 | B23: 2026-05-06 | C23: 27.111 | D23: 248.268 | E23: 1.718 | F23: 76.162 | G23: =IF(OR(C23>=75,D23>=1500,E23<=1.1,F23>=110),"TRIP",IF(OR(C23>=45,D23>=500,E23<=1.4,F23>=95),"ALARM","NORMAL")) -> NORMAL | H23: Post-repair baseline restored (CAPA executed)
A24: 23 | B24: 2026-05-13 | C24: 27.704 | D24: 241.516 | E24: 1.684 | F24: 73.735 | G24: =IF(OR(C24>=75,D24>=1500,E24<=1.1,F24>=110),"TRIP",IF(OR(C24>=45,D24>=500,E24<=1.4,F24>=95),"ALARM","NORMAL")) -> NORMAL
A25: 24 | B25: 2026-05-20 | C25: 26.92 | D25: 244.244 | E25: 1.84 | F25: 77.07 | G25: =IF(OR(C25>=75,D25>=1500,E25<=1.1,F25>=110),"TRIP",IF(OR(C25>=45,D25>=500,E25<=1.4,F25>=95),"ALARM","NORMAL")) -> NORMAL
A26: 25 | B26: 2026-05-27 | C26: 27.433 | D26: 247.838 | E26: 1.703 | F26: 74.816 | G26: =IF(OR(C26>=75,D26>=1500,E26<=1.1,F26>=110),"TRIP",IF(OR(C26>=45,D26>=500,E26<=1.4,F26>=95),"ALARM","NORMAL")) -> NORMAL
A27: 26 | B27: 2026-06-03 | C27: 27.234 | D27: 241.781 | E27: 1.73 | F27: 77.771 | G27: =IF(OR(C27>=75,D27>=1500,E27<=1.1,F27>=110),"TRIP",IF(OR(C27>=45,D27>=500,E27<=1.4,F27>=95),"ALARM","NORMAL")) -> NORMAL

Sheet Performance Summary (2)
A1: PERFORMANCE SUMMARY — KO-3201
A3: KPI | B3: Value | C3: Basis / Formula
A4: Monitoring Period (weeks) | B4: 26 | C4: Number of weekly readings
A5: Total Downtime (hours) | B5: 32 | C5: From linked RCA downtime window
A6: Period Hours | B6: 4368 | C6: =26*7*24 -> 4368
A7: Availability (%) | B7: =(1-32/4368)*100 -> 99.267399 | C7: (Period-Downtime)/Period
A8: No. of Failures (period) | B8: 1 | C8: Failure events this period
A9: MTBF (hours) | B9: =4368/1 -> 4368 | C9: Period Hours / No. of Failures
A10: MTTR (hours) | B10: 32 | C10: Mean time to repair
A11: ALARM readings | B11: =COUNTIF('Condition History (2)'!G2:G27,"ALARM") -> 11 | C11: Count of ALARM weeks
A12: TRIP readings | B12: =COUNTIF('Condition History (2)'!G2:G27,"TRIP") -> 1 | C12: Count of TRIP weeks
A13: NORMAL readings | B13: =COUNTIF('Condition History (2)'!G2:G27,"NORMAL") -> 14 | C13: Count of NORMAL weeks
A14: PM Compliance (%) | B14: 92 | C14: PM completed vs scheduled
A15: Production Loss (ton) | B15: 1760 | C15: Downtime x rate loss (from RCA)
A16: Estimated Loss (k USD) | B16: 1584 | C16: Production loss x product price

Sheet Equipment Info (3)
A1: EQUIPMENT PERFORMANCE — CONDITION MONITORING RECORD
A3: NAMEPLATE / IDENTIFICATION | C3: MONITORED PARAMETERS & LIMITS
A4: Equipment Tag | B4: PM-4405B | C4: Parameter | D4: Alarm / Trip
A5: Equipment Name | B5: Cooling Water Pump PM-4405B (Motor Driven) | C5: Motor DE Bearing Temp (°C) | D5: 75 / 90
A6: Equipment Type | B6: Centrifugal Pump / Electric Motor | C6: Motor Vibration (mm/s) | D6: 5.0 / 8.0
A7: Equipment Class | B7: B | C7: Motor Ampere (A) | D7: 150 / 165
A8: Plant / Unit | B8: Utility Plant (NUP) | C8: Winding Temp (°C) | D8: 120 / 140
A9: Discipline | B9: ELE
A10: Criticality | B10: Medium
A11: Design Life | B11: 5 years (bearing) / 24 months (seal element)
A12: Monitoring Method | B12: Online DCS + monthly vibration/thermography route
A13: Linked RCA / AR No. | B13: AR-2026-NUP-0089
A14: Failure Date | B14: 08-Jul-2026
A15: Dominant Failure Mode | B15: Motor Bearing Failure (Overheating)

Sheet Condition History (3)
A1: Week | B1: Date | C1: Motor DE Bearing Temp (°C) | D1: Motor Vibration (mm/s) | E1: Motor Ampere (A) | F1: Winding Temp (°C) | G1: Health Status | H1: Remark
A2: 1 | B2: 2026-02-18 | C2: 63.617 | D2: 2.468 | E2: 133.725 | F2: 96.639 | G2: =IF(OR(C2>=90,D2>=8,E2>=165,F2>=140),"TRIP",IF(OR(C2>=75,D2>=5,E2>=150,F2>=120),"ALARM","NORMAL")) -> NORMAL
A3: 2 | B3: 2026-02-25 | C3: 64.04 | D3: 2.443 | E3: 131.366 | F3: 94.458 | G3: =IF(OR(C3>=90,D3>=8,E3>=165,F3>=140),"TRIP",IF(OR(C3>=75,D3>=5,E3>=150,F3>=120),"ALARM","NORMAL")) -> NORMAL
A4: 3 | B4: 2026-03-04 | C4: 64.006 | D4: 2.679 | E4: 132.215 | F4: 96.07 | G4: =IF(OR(C4>=90,D4>=8,E4>=165,F4>=140),"TRIP",IF(OR(C4>=75,D4>=5,E4>=150,F4>=120),"ALARM","NORMAL")) -> NORMAL
A5: 4 | B5: 2026-03-11 | C5: 64.94 | D5: 2.618 | E5: 132.454 | F5: 96.361 | G5: =IF(OR(C5>=90,D5>=8,E5>=165,F5>=140),"TRIP",IF(OR(C5>=75,D5>=5,E5>=150,F5>=120),"ALARM","NORMAL")) -> NORMAL
A6: 5 | B6: 2026-03-18 | C6: 65.55 | D6: 2.782 | E6: 134.231 | F6: 95.593 | G6: =IF(OR(C6>=90,D6>=8,E6>=165,F6>=140),"TRIP",IF(OR(C6>=75,D6>=5,E6>=150,F6>=120),"ALARM","NORMAL")) -> NORMAL
A7: 6 | B7: 2026-03-25 | C7: 65.645 | D7: 3.003 | E7: 133.577 | F7: 96.823 | G7: =IF(OR(C7>=90,D7>=8,E7>=165,F7>=140),"TRIP",IF(OR(C7>=75,D7>=5,E7>=150,F7>=120),"ALARM","NORMAL")) -> NORMAL
A8: 7 | B8: 2026-04-01 | C8: 66.476 | D8: 3.062 | E8: 134.033 | F8: 98.95 | G8: =IF(OR(C8>=90,D8>=8,E8>=165,F8>=140),"TRIP",IF(OR(C8>=75,D8>=5,E8>=150,F8>=120),"ALARM","NORMAL")) -> NORMAL
A9: 8 | B9: 2026-04-08 | C9: 66.851 | D9: 3.201 | E9: 134.385 | F9: 99.369 | G9: =IF(OR(C9>=90,D9>=8,E9>=165,F9>=140),"TRIP",IF(OR(C9>=75,D9>=5,E9>=150,F9>=120),"ALARM","NORMAL")) -> NORMAL
A10: 9 | B10: 2026-04-15 | C10: 68.559 | D10: 3.343 | E10: 136.254 | F10: 100.744 | G10: =IF(OR(C10>=90,D10>=8,E10>=165,F10>=140),"TRIP",IF(OR(C10>=75,D10>=5,E10>=150,F10>=120),"ALARM","NORMAL")) -> NORMAL
A11: 10 | B11: 2026-04-22 | C11: 69.633 | D11: 3.706 | E11: 138.69 | F11: 103.699 | G11: =IF(OR(C11>=90,D11>=8,E11>=165,F11>=140),"TRIP",IF(OR(C11>=75,D11>=5,E11>=150,F11>=120),"ALARM","NORMAL")) -> NORMAL
A12: 11 | B12: 2026-04-29 | C12: 70.413 | D12: 4.2 | E12: 139.701 | F12: 104.721 | G12: =IF(OR(C12>=90,D12>=8,E12>=165,F12>=140),"TRIP",IF(OR(C12>=75,D12>=5,E12>=150,F12>=120),"ALARM","NORMAL")) -> NORMAL
A13: 12 | B13: 2026-05-06 | C13: 71.385 | D13: 4.132 | E13: 142.763 | F13: 108.321 | G13: =IF(OR(C13>=90,D13>=8,E13>=165,F13>=140),"TRIP",IF(OR(C13>=75,D13>=5,E13>=150,F13>=120),"ALARM","NORMAL")) -> NORMAL
... A18: 17 | B18: 2026-06-10 | C18: 80.814 | D18: 6.043 | E18: 152.555 | F18: 123.3 | G18: =IF(OR(C18>=90,D18>=8,E18>=165,F18>=140),"TRIP",IF(OR(C18>=75,D18>=5,E18>=150,F18>=120),"ALARM","NORMAL")) -> ALARM
A19: 18 | B19: 2026-06-17 | C19: 82.788 | D19: 6.493 | E19: 155.447 | F19: 128.027 | G19: =IF(OR(C19>=90,D19>=8,E19>=165,F19>=140),"TRIP",IF(OR(C19>=75,D19>=5,E19>=150,F19>=120),"ALARM","NORMAL")) -> ALARM | H19: Degradation trend — under close monitoring
A20: 19 | B20: 2026-06-24 | C20: 84.415 | D20: 6.991 | E20: 157.396 | F20: 133.654 | G20: =IF(OR(C20>=90,D20>=8,E20>=165,F20>=140),"TRIP",IF(OR(C20>=75,D20>=5,E20>=150,F20>=120),"ALARM","NORMAL")) -> ALARM | H20: Degradation trend — under close monitoring
A21: 20 | B21: 2026-07-01 | C21: 87.236 | D21: 7.372 | E21: 162.307 | F21: 135.486 | G21: =IF(OR(C21>=90,D21>=8,E21>=165,F21>=140),"TRIP",IF(OR(C21>=75,D21>=5,E21>=150,F21>=120),"ALARM","NORMAL")) -> ALARM | H21: Degradation trend — under close monitoring
A22: 21 | B22: 2026-07-08 | C22: 91.8 | D22: 8.16 | E22: 168.3 | F22: 142.8 | G22: =IF(OR(C22>=90,D22>=8,E22>=165,F22>=140),"TRIP",IF(OR(C22>=75,D22>=5,E22>=150,F22>=120),"ALARM","NORMAL")) -> TRIP | H22: FAILURE — Motor Bearing Failure (Overheating); unplanned downtime 8.0 h
A23: 22 | B23: 2026-07-15 | C23: 63.965 | D23: 2.545 | E23: 127.659 | F23: 91.57 | G23: =IF(OR(C23>=90,D23>=8,E23>=165,F23>=140),"TRIP",IF(OR(C23>=75,D23>=5,E23>=150,F23>=120),"ALARM","NORMAL")) -> NORMAL | H23: Post-repair baseline restored (CAPA executed)
A24: 23 | B24: 2026-07-22 | C24: 65.846 | D24: 2.681 | E24: 127.446 | F24: 97.367 | G24: =IF(OR(C24>=90,D24>=8,E24>=165,F24>=140),"TRIP",IF(OR(C24>=75,D24>=5,E24>=150,F24>=120),"ALARM","NORMAL")) -> NORMAL
A25: 24 | B25: 2026-07-29 | C25: 64.984 | D25: 2.428 | E25: 127.592 | F25: 92.001 | G25: =IF(OR(C25>=90,D25>=8,E25>=165,F25>=140),"TRIP",IF(OR(C25>=75,D25>=5,E25>=150,F25>=120),"ALARM","NORMAL")) -> NORMAL
A26: 25 | B26: 2026-08-05 | C26: 65.038 | D26: 2.529 | E26: 132.291 | F26: 93.757 | G26: =IF(OR(C26>=90,D26>=8,E26>=165,F26>=140),"TRIP",IF(OR(C26>=75,D26>=5,E26>=150,F26>=120),"ALARM","NORMAL")) -> NORMAL
A27: 26 | B27: 2026-08-12 | C27: 64.849 | D27: 2.528 | E27: 131.854 | F27: 94.427 | G27: =IF(OR(C27>=90,D27>=8,E27>=165,F27>=140),"TRIP",IF(OR(C27>=75,D27>=5,E27>=150,F27>=120),"ALARM","NORMAL")) -> NORMAL

Sheet Performance Summary (3)
A1: PERFORMANCE SUMMARY — PM-4405B
A3: KPI | B3: Value | C3: Basis / Formula
A4: Monitoring Period (weeks) | B4: 26 | C4: Number of weekly readings
A5: Total Downtime (hours) | B5: 8 | C5: From linked RCA downtime window
A6: Period Hours | B6: 4368 | C6: =26*7*24 -> 4368
A7: Availability (%) | B7: =(1-8/4368)*100 -> 99.81685 | C7: (Period-Downtime)/Period
A8: No. of Failures (period) | B8: 1 | C8: Failure events this period
A9: MTBF (hours) | B9: =4368/1 -> 4368 | C9: Period Hours / No. of Failures
A10: MTTR (hours) | B10: 8 | C10: Mean time to repair
A11: ALARM readings | B11: =COUNTIF('Condition History (3)'!G2:G27,"ALARM") -> 6 | C11: Count of ALARM weeks
A12: TRIP readings | B12: =COUNTIF('Condition History (3)'!G2:G27,"TRIP") -> 1 | C12: Count of TRIP weeks
A13: NORMAL readings | B13: =COUNTIF('Condition History (3)'!G2:G27,"NORMAL") -> 19 | C13: Count of NORMAL weeks
A14: PM Compliance (%) | B14: 92 | C14: PM completed vs scheduled
A15: Production Loss (ton) | B15: 160 | C15: Downtime x rate loss (from RCA)
A16: Estimated Loss (k USD) | B16: 112 | C16: Production loss x product price

Sheet Equipment Info (4)
A1: EQUIPMENT PERFORMANCE — CONDITION MONITORING RECORD
A3: NAMEPLATE / IDENTIFICATION | C3: MONITORED PARAMETERS & LIMITS
A4: Equipment Tag | B4: HE-3301 | C4: Parameter | D4: Alarm / Trip
A5: Equipment Name | B5: Feed/Effluent Heat Exchanger HE-3301 | C5: Tube-side dP (bar) | D5: 0.6 / 0.9
A6: Equipment Type | B6: Shell & Tube Heat Exchanger | C6: Heat Duty (% design) | D6: 90 / 70
A7: Equipment Class | B7: B | C7: Cold Outlet Temp (°C) | D7: 110 / 95
A8: Plant / Unit | B8: Cracker Unit (ZCU) | C8: Feed Heavy-ends (%) | D8: 1.5 / 2.4
A9: Discipline | B9: STA
A10: Criticality | B10: Medium
A11: Design Life | B11: 5 years (bearing) / 24 months (seal element)
A12: Monitoring Method | B12: Online DCS + monthly vibration/thermography route
A13: Linked RCA / AR No. | B13: AR-2026-ZCU-0165
A14: Failure Date | B14: 21-May-2026
A15: Dominant Failure Mode | B15: High Fouling — Duty Loss & High dP

Sheet Condition History (4)
A1: Week | B1: Date | C1: Tube-side dP (bar) | D1: Heat Duty (% design) | E1: Cold Outlet Temp (°C) | F1: Feed Heavy-ends (%) | G1: Health Status | H1: Remark
A2: 1 | B2: 2026-01-01 | C2: 0.355 | D2: 100.285 | E2: 120.151 | F2: 1.169 | G2: =IF(OR(C2>=0.9,D2<=70,E2<=95,F2>=2.4),"TRIP",IF(OR(C2>=0.6,D2<=90,E2<=110,F2>=1.5),"ALARM","NORMAL")) -> NORMAL
A3: 2 | B3: 2026-01-08 | C3: 0.355 | D3: 99.865 | E3: 119.916 | F3: 1.219 | G3: =IF(OR(C3>=0.9,D3<=70,E3<=95,F3>=2.4),"TRIP",IF(OR(C3>=0.6,D3<=90,E3<=110,F3>=1.5),"ALARM","NORMAL")) -> NORMAL
A4: 3 | B4: 2026-01-15 | C4: 0.347 | D4: 100.659 | E4: 119.757 | F4: 1.209 | G4: =IF(OR(C4>=0.9,D4<=70,E4<=95,F4>=2.4),"TRIP",IF(OR(C4>=0.6,D4<=90,E4<=110,F4>=1.5),"ALARM","NORMAL")) -> NORMAL
A5: 4 | B5: 2026-01-22 | C5: 0.337 | D5: 98.944 | E5: 118.962 | F5: 1.237 | G5: =IF(OR(C5>=0.9,D5<=70,E5<=95,F5>=2.4),"TRIP",IF(OR(C5>=0.6,D5<=90,E5<=110,F5>=1.5),"ALARM","NORMAL")) -> NORMAL
A6: 5 | B6: 2026-01-29 | C6: 0.37 | D6: 98.631 | E6: 119.005 | F6: 1.263 | G6: =IF(OR(C6>=0.9,D6<=70,E6<=95,F6>=2.4),"TRIP",IF(OR(C6>=0.6,D6<=90,E6<=110,F6>=1.5),"ALARM","NORMAL")) -> NORMAL
A7: 6 | B7: 2026-02-05 | C7: 0.377 | D7: 97.271 | E7: 118.131 | F7: 1.301 | G7: =IF(OR(C7>=0.9,D7<=70,E7<=95,F7>=2.4),"TRIP",IF(OR(C7>=0.6,D7<=90,E7<=110,F7>=1.5),"ALARM","NORMAL")) -> NORMAL
A8: 7 | B8: 2026-02-12 | C8: 0.399 | D8: 96.484 | E8: 118.234 | F8: 1.254 | G8: =IF(OR(C8>=0.9,D8<=70,E8<=95,F8>=2.4),"TRIP",IF(OR(C8>=0.6,D8<=90,E8<=110,F8>=1.5),"ALARM","NORMAL")) -> NORMAL
A9: 8 | B9: 2026-02-19 | C9: 0.421 | D9: 96.59 | E9: 116.945 | F9: 1.321 | G9: =IF(OR(C9>=0.9,D9<=70,E9<=95,F9>=2.4),"TRIP",IF(OR(C9>=0.6,D9<=90,E9<=110,F9>=1.5),"ALARM","NORMAL")) -> NORMAL
A10: 9 | B10: 2026-02-26 | C10: 0.458 | D10: 95.815 | E10: 116.352 | F10: 1.337 | G10: =IF(OR(C10>=0.9,D10<=70,E10<=95,F10>=2.4),"TRIP",IF(OR(C10>=0.6,D10<=90,E10<=110,F10>=1.5),"ALARM","NORMAL")) -> NORMAL
A11: 10 | B11: 2026-03-05 | C11: 0.455 | D11: 94.48 | E11: 115.188 | F11: 1.476 | G11: =IF(OR(C11>=0.9,D11<=70,E11<=95,F11>=2.4),"TRIP",IF(OR(C11>=0.6,D11<=90,E11<=110,F11>=1.5),"ALARM","NORMAL")) -> NORMAL
A12: 11 | B12: 2026-03-12 | C12: 0.496 | D12: 93.082 | E12: 113.71 | F12: 1.5 | G12: =IF(OR(C12>=0.9,D12<=70,E12<=95,F12>=2.4),"TRIP",IF(OR(C12>=0.6,D12<=90,E12<=110,F12>=1.5),"ALARM","NORMAL")) -> ALARM
A13: 12 | B13: 2026-03-19 | C13: 0.517 | D13: 90.36 | E13: 112.245 | F13: 1.552 | G13: =IF(OR(C13>=0.9,D13<=70,E13<=95,F13>=2.4),"TRIP",IF(OR(C13>=0.6,D13<=90,E13<=110,F13>=1.5),"ALARM","NORMAL")) -> ALARM
... A18: 17 | B18: 2026-04-23 | C18: 0.705 | D18: 80.3 | E18: 103.841 | F18: 1.979 | G18: =IF(OR(C18>=0.9,D18<=70,E18<=95,F18>=2.4),"TRIP",IF(OR(C18>=0.6,D18<=90,E18<=110,F18>=1.5),"ALARM","NORMAL")) -> ALARM
A19: 18 | B19: 2026-04-30 | C19: 0.751 | D19: 77.895 | E19: 102.087 | F19: 2.094 | G19: =IF(OR(C19>=0.9,D19<=70,E19<=95,F19>=2.4),"TRIP",IF(OR(C19>=0.6,D19<=90,E19<=110,F19>=1.5),"ALARM","NORMAL")) -> ALARM | H19: Degradation trend — under close monitoring
A20: 19 | B20: 2026-05-07 | C20: 0.785 | D20: 75.868 | E20: 99.789 | F20: 2.161 | G20: =IF(OR(C20>=0.9,D20<=70,E20<=95,F20>=2.4),"TRIP",IF(OR(C20>=0.6,D20<=90,E20<=110,F20>=1.5),"ALARM","NORMAL")) -> ALARM | H20: Degradation trend — under close monitoring
A21: 20 | B21: 2026-05-14 | C21: 0.854 | D21: 72.706 | E21: 97.922 | F21: 2.288 | G21: =IF(OR(C21>=0.9,D21<=70,E21<=95,F21>=2.4),"TRIP",IF(OR(C21>=0.6,D21<=90,E21<=110,F21>=1.5),"ALARM","NORMAL")) -> ALARM | H21: Degradation trend — under close monitoring
A22: 21 | B22: 2026-05-21 | C22: 0.918 | D22: 68.6 | E22: 93.1 | F22: 2.448 | G22: =IF(OR(C22>=0.9,D22<=70,E22<=95,F22>=2.4),"TRIP",IF(OR(C22>=0.6,D22<=90,E22<=110,F22>=1.5),"ALARM","NORMAL")) -> TRIP | H22: FAILURE — High Fouling — Duty Loss & High dP; unplanned downtime 12.0 h
A23: 22 | B23: 2026-05-28 | C23: 0.337 | D23: 98.431 | E23: 120.861 | F23: 1.246 | G23: =IF(OR(C23>=0.9,D23<=70,E23<=95,F23>=2.4),"TRIP",IF(OR(C23>=0.6,D23<=90,E23<=110,F23>=1.5),"ALARM","NORMAL")) -> NORMAL | H23: Post-repair baseline restored (CAPA executed)
A24: 23 | B24: 2026-06-04 | C24: 0.316 | D24: 94.81 | E24: 116.073 | F24: 1.124 | G24: =IF(OR(C24>=0.9,D24<=70,E24<=95,F24>=2.4),"TRIP",IF(OR(C24>=0.6,D24<=90,E24<=110,F24>=1.5),"ALARM","NORMAL")) -> NORMAL
A25: 24 | B25: 2026-06-11 | C25: 0.319 | D25: 100.654 | E25: 118.936 | F25: 1.154 | G25: =IF(OR(C25>=0.9,D25<=70,E25<=95,F25>=2.4),"TRIP",IF(OR(C25>=0.6,D25<=90,E25<=110,F25>=1.5),"ALARM","NORMAL")) -> NORMAL
A26: 25 | B26: 2026-06-18 | C26: 0.358 | D26: 102.194 | E26: 116.948 | F26: 1.178 | G26: =IF(OR(C26>=0.9,D26<=70,E26<=95,F26>=2.4),"TRIP",IF(OR(C26>=0.6,D26<=90,E26<=110,F26>=1.5),"ALARM","NORMAL")) -> NORMAL
A27: 26 | B27: 2026-06-25 | C27: 0.352 | D27: 96.643 | E27: 115.475 | F27: 1.182 | G27: =IF(OR(C27>=0.9,D27<=70,E27<=95,F27>=2.4),"TRIP",IF(OR(C27>=0.6,D27<=90,E27<=110,F27>=1.5),"ALARM","NORMAL")) -> NORMAL

Sheet Performance Summary (4)
A1: PERFORMANCE SUMMARY — HE-3301
A3: KPI | B3: Value | C3: Basis / Formula
A4: Monitoring Period (weeks) | B4: 26 | C4: Number of weekly readings
A5: Total Downtime (hours) | B5: 12 | C5: From linked RCA downtime window
A6: Period Hours | B6: 4368 | C6: =26*7*24 -> 4368
A7: Availability (%) | B7: =(1-12/4368)*100 -> 99.725275 | C7: (Period-Downtime)/Period
A8: No. of Failures (period) | B8: 1 | C8: Failure events this period
A9: MTBF (hours) | B9: =4368/1 -> 4368 | C9: Period Hours / No. of Failures
A10: MTTR (hours) | B10: 12 | C10: Mean time to repair
A11: ALARM readings | B11: =COUNTIF('Condition History (4)'!G2:G27,"ALARM") -> 10 | C11: Count of ALARM weeks
A12: TRIP readings | B12: =COUNTIF('Condition History (4)'!G2:G27,"TRIP") -> 1 | C12: Count of TRIP weeks
A13: NORMAL readings | B13: =COUNTIF('Condition History (4)'!G2:G27,"NORMAL") -> 15 | C13: Count of NORMAL weeks
A14: PM Compliance (%) | B14: 92 | C14: PM completed vs scheduled
A15: Production Loss (ton) | B15: 216 | C15: Downtime x rate loss (from RCA)
A16: Estimated Loss (k USD) | B16: 183.6 | C16: Production loss x product price

Sheet Equipment Info (5)
A1: EQUIPMENT PERFORMANCE — CONDITION MONITORING RECORD
A3: NAMEPLATE / IDENTIFICATION | C3: MONITORED PARAMETERS & LIMITS
A4: Equipment Tag | B4: BL-5702 | C4: Parameter | D4: Alarm / Trip
A5: Equipment Name | B5: Product Blower BL-5702 | C5: Overall Vibration (mm/s) | D5: 7.0 / 11.0
A6: Equipment Type | B6: Centrifugal Blower | C6: 2X Harmonic (mm/s) | D6: 3.0 / 5.0
A7: Equipment Class | B7: A | C7: Coupling Offset (mm) | D7: 0.05 / 0.3
A8: Plant / Unit | B8: Polymer Plant (OPP) | C8: Bearing Temp (°C) | D8: 80 / 95
A9: Discipline | B9: ROT
A10: Criticality | B10: High
A11: Design Life | B11: 5 years (bearing) / 24 months (seal element)
A12: Monitoring Method | B12: Online DCS + monthly vibration/thermography route
A13: Linked RCA / AR No. | B13: AR-2026-OPP-0203
A14: Failure Date | B14: 17-Jun-2026
A15: Dominant Failure Mode | B15: High Vibration (Coupling Misalignment)

Sheet Condition History (5)
A1: Week | B1: Date | C1: Overall Vibration (mm/s) | D1: 2X Harmonic (mm/s) | E1: Coupling Offset (mm) | F1: Bearing Temp (°C) | G1: Health Status | H1: Remark
A2: 1 | B2: 2026-01-28 | C2: 4.004 | D2: 1.143 | E2: 0.025 | F2: 60.72 | G2: =IF(OR(C2>=11,D2>=5,E2>=0.3,F2>=95),"TRIP",IF(OR(C2>=7,D2>=3,E2>=0.05,F2>=80),"ALARM","NORMAL")) -> NORMAL
A3: 2 | B3: 2026-02-04 | C3: 4.188 | D3: 1.287 | E3: 0.034 | F3: 59.211 | G3: =IF(OR(C3>=11,D3>=5,E3>=0.3,F3>=95),"TRIP",IF(OR(C3>=7,D3>=3,E3>=0.05,F3>=80),"ALARM","NORMAL")) -> NORMAL
A4: 3 | B4: 2026-02-11 | C4: 4.091 | D4: 1.293 | E4: 0.037 | F4: 60.73 | G4: =IF(OR(C4>=11,D4>=5,E4>=0.3,F4>=95),"TRIP",IF(OR(C4>=7,D4>=3,E4>=0.05,F4>=80),"ALARM","NORMAL")) -> NORMAL
A5: 4 | B5: 2026-02-18 | C5: 4.265 | D5: 1.37 | E5: 0.034 | F5: 61.953 | G5: =IF(OR(C5>=11,D5>=5,E5>=0.3,F5>=95),"TRIP",IF(OR(C5>=7,D5>=3,E5>=0.05,F5>=80),"ALARM","NORMAL")) -> NORMAL
A6: 5 | B6: 2026-02-25 | C6: 4.268 | D6: 1.311 | E6: 0.036 | F6: 60.442 | G6: =IF(OR(C6>=11,D6>=5,E6>=0.3,F6>=95),"TRIP",IF(OR(C6>=7,D6>=3,E6>=0.05,F6>=80),"ALARM","NORMAL")) -> NORMAL
A7: 6 | B7: 2026-03-04 | C7: 4.435 | D7: 1.47 | E7: 0.051 | F7: 60.923 | G7: =IF(OR(C7>=11,D7>=5,E7>=0.3,F7>=95),"TRIP",IF(OR(C7>=7,D7>=3,E7>=0.05,F7>=80),"ALARM","NORMAL")) -> ALARM
A8: 7 | B8: 2026-03-11 | C8: 4.443 | D8: 1.694 | E8: 0.054 | F8: 62.389 | G8: =IF(OR(C8>=11,D8>=5,E8>=0.3,F8>=95),"TRIP",IF(OR(C8>=7,D8>=3,E8>=0.05,F8>=80),"ALARM","NORMAL")) -> ALARM
A9: 8 | B9: 2026-03-18 | C9: 4.892 | D9: 1.646 | E9: 0.054 | F9: 62.862 | G9: =IF(OR(C9>=11,D9>=5,E9>=0.3,F9>=95),"TRIP",IF(OR(C9>=7,D9>=3,E9>=0.05,F9>=80),"ALARM","NORMAL")) -> ALARM
A10: 9 | B10: 2026-03-25 | C10: 4.581 | D10: 1.763 | E10: 0.069 | F10: 66.274 | G10: =IF(OR(C10>=11,D10>=5,E10>=0.3,F10>=95),"TRIP",IF(OR(C10>=7,D10>=3,E10>=0.05,F10>=80),"ALARM","NORMAL")) -> ALARM
A11: 10 | B11: 2026-04-01 | C11: 5.295 | D11: 2.022 | E11: 0.085 | F11: 66.864 | G11: =IF(OR(C11>=11,D11>=5,E11>=0.3,F11>=95),"TRIP",IF(OR(C11>=7,D11>=3,E11>=0.05,F11>=80),"ALARM","NORMAL")) -> ALARM
A12: 11 | B12: 2026-04-08 | C12: 5.636 | D12: 2.195 | E12: 0.092 | F12: 68.063 | G12: =IF(OR(C12>=11,D12>=5,E12>=0.3,F12>=95),"TRIP",IF(OR(C12>=7,D12>=3,E12>=0.05,F12>=80),"ALARM","NORMAL")) -> ALARM
A13: 12 | B13: 2026-04-15 | C13: 6.003 | D13: 2.247 | E13: 0.125 | F13: 69.333 | G13: =IF(OR(C13>=11,D13>=5,E13>=0.3,F13>=95),"TRIP",IF(OR(C13>=7,D13>=3,E13>=0.05,F13>=80),"ALARM","NORMAL")) -> ALARM
... A18: 17 | B18: 2026-05-20 | C18: 8.582 | D18: 3.579 | E18: 0.197 | F18: 83.58 | G18: =IF(OR(C18>=11,D18>=5,E18>=0.3,F18>=95),"TRIP",IF(OR(C18>=7,D18>=3,E18>=0.05,F18>=80),"ALARM","NORMAL")) -> ALARM
A19: 18 | B19: 2026-05-27 | C19: 9.12 | D19: 3.951 | E19: 0.222 | F19: 84.866 | G19: =IF(OR(C19>=11,D19>=5,E19>=0.3,F19>=95),"TRIP",IF(OR(C19>=7,D19>=3,E19>=0.05,F19>=80),"ALARM","NORMAL")) -> ALARM | H19: Degradation trend — under close monitoring
A20: 19 | B20: 2026-06-03 | C20: 9.711 | D20: 4.282 | E20: 0.25 | F20: 89.163 | G20: =IF(OR(C20>=11,D20>=5,E20>=0.3,F20>=95),"TRIP",IF(OR(C20>=7,D20>=3,E20>=0.05,F20>=80),"ALARM","NORMAL")) -> ALARM | H20: Degradation trend — under close monitoring
A21: 20 | B21: 2026-06-10 | C21: 10.376 | D21: 4.671 | E21: 0.277 | F21: 92.41 | G21: =IF(OR(C21>=11,D21>=5,E21>=0.3,F21>=95),"TRIP",IF(OR(C21>=7,D21>=3,E21>=0.05,F21>=80),"ALARM","NORMAL")) -> ALARM | H21: Degradation trend — under close monitoring
A22: 21 | B22: 2026-06-17 | C22: 11.22 | D22: 5.1 | E22: 0.306 | F22: 96.9 | G22: =IF(OR(C22>=11,D22>=5,E22>=0.3,F22>=95),"TRIP",IF(OR(C22>=7,D22>=3,E22>=0.05,F22>=80),"ALARM","NORMAL")) -> TRIP | H22: FAILURE — High Vibration (Coupling Misalignment); unplanned downtime 14.0 h
A23: 22 | B23: 2026-06-24 | C23: 3.782 | D23: 1.243 | E23: 0.03 | F23: 60.743 | G23: =IF(OR(C23>=11,D23>=5,E23>=0.3,F23>=95),"TRIP",IF(OR(C23>=7,D23>=3,E23>=0.05,F23>=80),"ALARM","NORMAL")) -> NORMAL | H23: Post-repair baseline restored (CAPA executed)
A24: 23 | B24: 2026-07-01 | C24: 3.76 | D24: 1.255 | E24: 0.023 | F24: 57.352 | G24: =IF(OR(C24>=11,D24>=5,E24>=0.3,F24>=95),"TRIP",IF(OR(C24>=7,D24>=3,E24>=0.05,F24>=80),"ALARM","NORMAL")) -> NORMAL
A25: 24 | B25: 2026-07-08 | C25: 3.918 | D25: 1.198 | E25: 0.031 | F25: 59.183 | G25: =IF(OR(C25>=11,D25>=5,E25>=0.3,F25>=95),"TRIP",IF(OR(C25>=7,D25>=3,E25>=0.05,F25>=80),"ALARM","NORMAL")) -> NORMAL
A26: 25 | B26: 2026-07-15 | C26: 3.926 | D26: 1.158 | E26: 0.021 | F26: 60.509 | G26: =IF(OR(C26>=11,D26>=5,E26>=0.3,F26>=95),"TRIP",IF(OR(C26>=7,D26>=3,E26>=0.05,F26>=80),"ALARM","NORMAL")) -> NORMAL
A27: 26 | B27: 2026-07-22 | C27: 4.001 | D27: 1.155 | E27: 0.001 | F27: 60.783 | G27: =IF(OR(C27>=11,D27>=5,E27>=0.3,F27>=95),"TRIP",IF(OR(C27>=7,D27>=3,E27>=0.05,F27>=80),"ALARM","NORMAL")) -> NORMAL

Sheet Performance Summary (5)
A1: PERFORMANCE SUMMARY — BL-5702
A3: KPI | B3: Value | C3: Basis / Formula
A4: Monitoring Period (weeks) | B4: 26 | C4: Number of weekly readings
A5: Total Downtime (hours) | B5: 14 | C5: From linked RCA downtime window
A6: Period Hours | B6: 4368 | C6: =26*7*24 -> 4368
A7: Availability (%) | B7: =(1-14/4368)*100 -> 99.679487 | C7: (Period-Downtime)/Period
A8: No. of Failures (period) | B8: 1 | C8: Failure events this period
A9: MTBF (hours) | B9: =4368/1 -> 4368 | C9: Period Hours / No. of Failures
A10: MTTR (hours) | B10: 14 | C10: Mean time to repair
A11: ALARM readings | B11: =COUNTIF('Condition History (5)'!G2:G27,"ALARM") -> 15 | C11: Count of ALARM weeks
A12: TRIP readings | B12: =COUNTIF('Condition History (5)'!G2:G27,"TRIP") -> 1 | C12: Count of TRIP weeks
A13: NORMAL readings | B13: =COUNTIF('Condition History (5)'!G2:G27,"NORMAL") -> 10 | C13: Count of NORMAL weeks
A14: PM Compliance (%) | B14: 92 | C14: PM completed vs scheduled
A15: Production Loss (ton) | B15: 532 | C15: Downtime x rate loss (from RCA)
A16: Estimated Loss (k USD) | B16: 478.8 | C16: Production loss x product price
